-- MySQL Script generated by MySQL Workbench
-- ter 21 mai 2019 00:32:58 -03
-- Model: New Model    Version: 1.0
-- MySQL Workbench Forward Engineering

SET @OLD_UNIQUE_CHECKS=@@UNIQUE_CHECKS, UNIQUE_CHECKS=0;
SET @OLD_FOREIGN_KEY_CHECKS=@@FOREIGN_KEY_CHECKS, FOREIGN_KEY_CHECKS=0;
SET @OLD_SQL_MODE=@@SQL_MODE, SQL_MODE='TRADITIONAL,ALLOW_INVALID_DATES';

-- -----------------------------------------------------
-- Schema bdloja
-- -----------------------------------------------------

-- -----------------------------------------------------
-- Schema bdloja
-- -----------------------------------------------------
CREATE SCHEMA IF NOT EXISTS `bdloja` DEFAULT CHARACTER SET utf8 ;
USE `bdloja` ;

-- -----------------------------------------------------
-- Table `bdloja`.`TBL_CIDADE`
-- -----------------------------------------------------
CREATE TABLE IF NOT EXISTS `bdloja`.`TBL_CIDADE` (
  `ID_CIDADE` INT NOT NULL,
  `DESCRICAO` VARCHAR(100) NOT NULL,
  `ESTADO` VARCHAR(2) NOT NULL,
  PRIMARY KEY (`ID_CIDADE`))
ENGINE = InnoDB;


-- -----------------------------------------------------
-- Table `bdloja`.`TBL_CLIENTE`
-- -----------------------------------------------------
CREATE TABLE IF NOT EXISTS `bdloja`.`TBL_CLIENTE` (
  `CPF` VARCHAR(15) NOT NULL,
  `NOME` VARCHAR(50) NOT NULL,
  `ENDERECO` VARCHAR(50) NULL,
  `BAIRRO` VARCHAR(45) NULL,
  `CIDADE` INT NULL,
  `CEP` VARCHAR(10) NULL,
  PRIMARY KEY (`CPF`),
  INDEX `FK_TBL_CLIENTE_TBL_CIDADE_idx` (`CIDADE` ASC),
  CONSTRAINT `FK_TBL_CLIENTE_TBL_CIDADE`
    FOREIGN KEY (`CIDADE`)
    REFERENCES `bdloja`.`TBL_CIDADE` (`ID_CIDADE`)
    ON DELETE NO ACTION
    ON UPDATE NO ACTION)
ENGINE = InnoDB;


-- -----------------------------------------------------
-- Table `bdloja`.`TBL_INSTRUMENTO`
-- -----------------------------------------------------
CREATE TABLE IF NOT EXISTS `bdloja`.`TBL_INSTRUMENTO` (
  `ID_INS` INT NOT NULL,
  `DESCRICAO` VARCHAR(45) NOT NULL,
  `IMAGEM` VARCHAR(200) NULL,
  PRIMARY KEY (`ID_INS`))
ENGINE = InnoDB;


-- -----------------------------------------------------
-- Table `bdloja`.`TBL_FORNECEDOR`
-- -----------------------------------------------------
CREATE TABLE IF NOT EXISTS `bdloja`.`TBL_FORNECEDOR` (
  `CNPJ` VARCHAR(20) NOT NULL,
  `RAZAO_S` VARCHAR(45) NOT NULL,
  `ENDERECO` VARCHAR(45) NULL,
  `BAIRRO` VARCHAR(45) NULL,
  `CIDADE` INT NOT NULL,
  `CEP` VARCHAR(10) NULL,
  PRIMARY KEY (`CNPJ`),
  INDEX `FK_TBL_FORNECEDOR_TBL_CIDADE_idx` (`CIDADE` ASC),
  CONSTRAINT `FK_TBL_FORNECEDOR_TBL_CIDADE`
    FOREIGN KEY (`CIDADE`)
    REFERENCES `bdloja`.`TBL_CIDADE` (`ID_CIDADE`)
    ON DELETE NO ACTION
    ON UPDATE NO ACTION)
ENGINE = InnoDB;


-- -----------------------------------------------------
-- Table `bdloja`.`TBL_ESTOQUE`
-- -----------------------------------------------------
CREATE TABLE IF NOT EXISTS `bdloja`.`TBL_ESTOQUE` (
  `ITEM` INT NOT NULL AUTO_INCREMENT,
  `ID_INS` INT NOT NULL,
  `MARCA` VARCHAR(45) NOT NULL,
  `QTD` INT NULL,
  `VENDA` DECIMAL(10,2) NULL,
  `LOTE` VARCHAR(50) NULL,
  `CNPJ` VARCHAR(20) NULL,
  `GARANTIA` DATETIME NULL,
  PRIMARY KEY (`ITEM`),
  INDEX `FK_TBL_ESTOQUE_TBL_INSTRUMENTO_idx` (`ID_INS` ASC),
  INDEX `FK_TBL_ESTOQUE_TBL_FORNECEDOR_idx` (`CNPJ` ASC),
  CONSTRAINT `FK_TBL_ESTOQUE_TBL_INSTRUMENTO`
    FOREIGN KEY (`ID_INS`)
    REFERENCES `bdloja`.`TBL_INSTRUMENTO` (`ID_INS`)
    ON DELETE NO ACTION
    ON UPDATE NO ACTION,
  CONSTRAINT `FK_TBL_ESTOQUE_TBL_FORNECEDOR`
    FOREIGN KEY (`CNPJ`)
    REFERENCES `bdloja`.`TBL_FORNECEDOR` (`CNPJ`)
    ON DELETE NO ACTION
    ON UPDATE NO ACTION)
ENGINE = InnoDB;


-- -----------------------------------------------------
-- Table `bdloja`.`TBL_PEDIDO`
-- -----------------------------------------------------
CREATE TABLE IF NOT EXISTS `bdloja`.`TBL_PEDIDO` (
  `ID_PEDIDO` INT NOT NULL AUTO_INCREMENT,
  `DATA` DATETIME NULL,
  `CPF` VARCHAR(15) NOT NULL,
  `VALOR` DECIMAL(10,2) NULL,
  PRIMARY KEY (`ID_PEDIDO`),
  INDEX `FK_TBL_PEDIDO_TBL_CLIENTE_idx` (`CPF` ASC),
  CONSTRAINT `FK_TBL_PEDIDO_TBL_CLIENTE`
    FOREIGN KEY (`CPF`)
    REFERENCES `bdloja`.`TBL_CLIENTE` (`CPF`)
    ON DELETE NO ACTION
    ON UPDATE NO ACTION)
ENGINE = InnoDB;


-- -----------------------------------------------------
-- Table `bdloja`.`TBL_ITENS_PEDIDO`
-- -----------------------------------------------------
CREATE TABLE IF NOT EXISTS `bdloja`.`TBL_ITENS_PEDIDO` (
  `ITEM` INT NOT NULL,
  `ID_PEDIDO` INT NOT NULL,
  `QTD` INT NULL,
  `VALOR` DECIMAL(10,2) NULL,
  PRIMARY KEY (`ITEM`),
  INDEX `FK_TBL_ITENS_PEDIDO_TBL_PEDIDO_idx` (`ID_PEDIDO` ASC),
  CONSTRAINT `FK_TBL_ITENS_PEDIDO_TBL_ESTOQUE`
    FOREIGN KEY (`ITEM`)
    REFERENCES `bdloja`.`TBL_ESTOQUE` (`ITEM`)
    ON DELETE NO ACTION
    ON UPDATE NO ACTION,
  CONSTRAINT `FK_TBL_ITENS_PEDIDO_TBL_PEDIDO`
    FOREIGN KEY (`ID_PEDIDO`)
    REFERENCES `bdloja`.`TBL_PEDIDO` (`ID_PEDIDO`)
    ON DELETE NO ACTION
    ON UPDATE NO ACTION)
ENGINE = InnoDB;


-- -----------------------------------------------------
-- Table `bdloja`.`TBL_LOGIN`
-- -----------------------------------------------------
CREATE TABLE IF NOT EXISTS `bdloja`.`TBL_LOGIN` (
  `ID_US` INT NOT NULL AUTO_INCREMENT,
  `TIPO_US` VARCHAR(10) NULL,
  `NOME_US` VARCHAR(30) NOT NULL,
  `SENHA_US` VARCHAR(10) NOT NULL,
  PRIMARY KEY (`ID_US`))
ENGINE = InnoDB;


SET SQL_MODE=@OLD_SQL_MODE;
SET FOREIGN_KEY_CHECKS=@OLD_FOREIGN_KEY_CHECKS;
SET UNIQUE_CHECKS=@OLD_UNIQUE_CHECKS;

-- -----------------------------------------------------
-- Data for table `bdloja`.`TBL_CIDADE`
-- -----------------------------------------------------
START TRANSACTION;
USE `bdloja`;
INSERT INTO `bdloja`.`TBL_CIDADE` (`ID_CIDADE`, `DESCRICAO`, `ESTADO`) VALUES (1, 'SAO PAULO', 'SP');
INSERT INTO `bdloja`.`TBL_CIDADE` (`ID_CIDADE`, `DESCRICAO`, `ESTADO`) VALUES (2, 'SANTO ANDRE', 'SP');
INSERT INTO `bdloja`.`TBL_CIDADE` (`ID_CIDADE`, `DESCRICAO`, `ESTADO`) VALUES (3, 'SAO BERNARDO DO CAMPO', 'SP');
INSERT INTO `bdloja`.`TBL_CIDADE` (`ID_CIDADE`, `DESCRICAO`, `ESTADO`) VALUES (4, 'SAO CAETANO', 'SP');
INSERT INTO `bdloja`.`TBL_CIDADE` (`ID_CIDADE`, `DESCRICAO`, `ESTADO`) VALUES (5, 'DIADEMA', 'SP');
INSERT INTO `bdloja`.`TBL_CIDADE` (`ID_CIDADE`, `DESCRICAO`, `ESTADO`) VALUES (6, 'GUARULHOS', 'SP');
INSERT INTO `bdloja`.`TBL_CIDADE` (`ID_CIDADE`, `DESCRICAO`, `ESTADO`) VALUES (7, 'BELO HORIZONTE', 'MG');
INSERT INTO `bdloja`.`TBL_CIDADE` (`ID_CIDADE`, `DESCRICAO`, `ESTADO`) VALUES (8, 'CAPUAVA', 'SP');
INSERT INTO `bdloja`.`TBL_CIDADE` (`ID_CIDADE`, `DESCRICAO`, `ESTADO`) VALUES (9, 'MANAUS', 'AM');
INSERT INTO `bdloja`.`TBL_CIDADE` (`ID_CIDADE`, `DESCRICAO`, `ESTADO`) VALUES (10, 'MAUA', 'SP');

COMMIT;


-- -----------------------------------------------------
-- Data for table `bdloja`.`TBL_CLIENTE`
-- -----------------------------------------------------
START TRANSACTION;
USE `bdloja`;
INSERT INTO `bdloja`.`TBL_CLIENTE` (`CPF`, `NOME`, `ENDERECO`, `BAIRRO`, `CIDADE`, `CEP`) VALUES ('932.055.535.43', 'WESLEY TENOR', 'Avenida Adolfo Pinheiro', 'Santo Amaro', 1, '04733-200');
INSERT INTO `bdloja`.`TBL_CLIENTE` (`CPF`, `NOME`, `ENDERECO`, `BAIRRO`, `CIDADE`, `CEP`) VALUES ('995.822.918.85', 'DIMITRI KUMASAKA', 'Rua Porto Rico', 'Parque das Nações', 2, '09280-720');
INSERT INTO `bdloja`.`TBL_CLIENTE` (`CPF`, `NOME`, `ENDERECO`, `BAIRRO`, `CIDADE`, `CEP`) VALUES ('878.237.908.40', 'ANDRE BOLIVIO', 'Rua Julieta', 'Jordanópolis', 3, '09891-190');
INSERT INTO `bdloja`.`TBL_CLIENTE` (`CPF`, `NOME`, `ENDERECO`, `BAIRRO`, `CIDADE`, `CEP`) VALUES ('296.658.808.02', 'SILVIO ABURQUERQUE', 'Rua Prudente de Morais', 'Santa Paula', 4, '');
INSERT INTO `bdloja`.`TBL_CLIENTE` (`CPF`, `NOME`, `ENDERECO`, `BAIRRO`, `CIDADE`, `CEP`) VALUES ('290.561.218.55', 'JOSIAS FILHO', 'Passagem Bezerra da Silva', 'Inamar', 5, NULL);
INSERT INTO `bdloja`.`TBL_CLIENTE` (`CPF`, `NOME`, `ENDERECO`, `BAIRRO`, `CIDADE`, `CEP`) VALUES ('882.411.358-31', 'BARTALOMEU DA SILVA', 'Rua das Gaivotas', 'Vila Branca', 6, NULL);
INSERT INTO `bdloja`.`TBL_CLIENTE` (`CPF`, `NOME`, `ENDERECO`, `BAIRRO`, `CIDADE`, `CEP`) VALUES ('734.680.096-66', 'EDUARDA DOS REMEDIOS', 'Rua Aureliano Lessa', 'Liberdade', 7, NULL);
INSERT INTO `bdloja`.`TBL_CLIENTE` (`CPF`, `NOME`, `ENDERECO`, `BAIRRO`, `CIDADE`, `CEP`) VALUES ('535.613.186-06', 'LUIZ GONZAGA', 'Rua Joaquim Rafael de Azevedo', 'Nova Pampulha', 7, NULL);
INSERT INTO `bdloja`.`TBL_CLIENTE` (`CPF`, `NOME`, `ENDERECO`, `BAIRRO`, `CIDADE`, `CEP`) VALUES ('375.829.308-19', 'CHESPERITO DE SOUZA', 'Rua São Silvestre', 'Jardim Pilar', 10, '09370-020');
INSERT INTO `bdloja`.`TBL_CLIENTE` (`CPF`, `NOME`, `ENDERECO`, `BAIRRO`, `CIDADE`, `CEP`) VALUES ('174.384.648-73', 'AKYRA TORYAMA', 'Rua Alberto Sabin', 'Jardim São Gabriel', 10, '09330-788');

COMMIT;


-- -----------------------------------------------------
-- Data for table `bdloja`.`TBL_INSTRUMENTO`
-- -----------------------------------------------------
START TRANSACTION;
USE `bdloja`;
INSERT INTO `bdloja`.`TBL_INSTRUMENTO` (`ID_INS`, `DESCRICAO`, `IMAGEM`) VALUES (1, 'Sax Tenor', NULL);
INSERT INTO `bdloja`.`TBL_INSTRUMENTO` (`ID_INS`, `DESCRICAO`, `IMAGEM`) VALUES (2, 'Sax Soprano', NULL);
INSERT INTO `bdloja`.`TBL_INSTRUMENTO` (`ID_INS`, `DESCRICAO`, `IMAGEM`) VALUES (3, 'Sax Baritono', NULL);
INSERT INTO `bdloja`.`TBL_INSTRUMENTO` (`ID_INS`, `DESCRICAO`, `IMAGEM`) VALUES (4, 'Sax Auto', NULL);
INSERT INTO `bdloja`.`TBL_INSTRUMENTO` (`ID_INS`, `DESCRICAO`, `IMAGEM`) VALUES (5, 'Violino', NULL);
INSERT INTO `bdloja`.`TBL_INSTRUMENTO` (`ID_INS`, `DESCRICAO`, `IMAGEM`) VALUES (6, 'Viola', NULL);
INSERT INTO `bdloja`.`TBL_INSTRUMENTO` (`ID_INS`, `DESCRICAO`, `IMAGEM`) VALUES (7, 'Cello', NULL);
INSERT INTO `bdloja`.`TBL_INSTRUMENTO` (`ID_INS`, `DESCRICAO`, `IMAGEM`) VALUES (8, 'Trompete', NULL);
INSERT INTO `bdloja`.`TBL_INSTRUMENTO` (`ID_INS`, `DESCRICAO`, `IMAGEM`) VALUES (9, 'Trombone', NULL);
INSERT INTO `bdloja`.`TBL_INSTRUMENTO` (`ID_INS`, `DESCRICAO`, `IMAGEM`) VALUES (10, 'Trombonito', NULL);
INSERT INTO `bdloja`.`TBL_INSTRUMENTO` (`ID_INS`, `DESCRICAO`, `IMAGEM`) VALUES (11, 'Tuba 3/4', NULL);
INSERT INTO `bdloja`.`TBL_INSTRUMENTO` (`ID_INS`, `DESCRICAO`, `IMAGEM`) VALUES (12, 'Tuba 4/4', NULL);
INSERT INTO `bdloja`.`TBL_INSTRUMENTO` (`ID_INS`, `DESCRICAO`, `IMAGEM`) VALUES (13, 'Acordeon', NULL);
INSERT INTO `bdloja`.`TBL_INSTRUMENTO` (`ID_INS`, `DESCRICAO`, `IMAGEM`) VALUES (14, 'Clarinete', NULL);
INSERT INTO `bdloja`.`TBL_INSTRUMENTO` (`ID_INS`, `DESCRICAO`, `IMAGEM`) VALUES (15, 'Flauta Transversal', NULL);
INSERT INTO `bdloja`.`TBL_INSTRUMENTO` (`ID_INS`, `DESCRICAO`, `IMAGEM`) VALUES (16, 'Oboé', NULL);
INSERT INTO `bdloja`.`TBL_INSTRUMENTO` (`ID_INS`, `DESCRICAO`, `IMAGEM`) VALUES (17, 'Clarone', NULL);
INSERT INTO `bdloja`.`TBL_INSTRUMENTO` (`ID_INS`, `DESCRICAO`, `IMAGEM`) VALUES (18, 'Clarone Auto', NULL);
INSERT INTO `bdloja`.`TBL_INSTRUMENTO` (`ID_INS`, `DESCRICAO`, `IMAGEM`) VALUES (19, 'Contra-Clarone', NULL);

COMMIT;


-- -----------------------------------------------------
-- Data for table `bdloja`.`TBL_FORNECEDOR`
-- -----------------------------------------------------
START TRANSACTION;
USE `bdloja`;
INSERT INTO `bdloja`.`TBL_FORNECEDOR` (`CNPJ`, `RAZAO_S`, `ENDERECO`, `BAIRRO`, `CIDADE`, `CEP`) VALUES ('64.021.800/0001-71', 'MARCONE MUSICAL', 'Rua Moacir Bonatti', 'Vila Campo Grande', 1, '04455-030');
INSERT INTO `bdloja`.`TBL_FORNECEDOR` (`CNPJ`, `RAZAO_S`, `ENDERECO`, `BAIRRO`, `CIDADE`, `CEP`) VALUES ('58.277.053/0001-34', 'TERMO INSTRUMENTOS', 'Rua Leste C', 'Jardim Ponte Alta I', 1, '07179-345');

COMMIT;


-- -----------------------------------------------------
-- Data for table `bdloja`.`TBL_ESTOQUE`
-- -----------------------------------------------------
START TRANSACTION;
USE `bdloja`;
INSERT INTO `bdloja`.`TBL_ESTOQUE` (`ITEM`, `ID_INS`, `MARCA`, `QTD`, `VENDA`, `LOTE`, `CNPJ`, `GARANTIA`) VALUES (1, 1, 'Rolan', 10, 2500, 'A0001', '64.021.800/0001-71', '2020-12-22 00:00:00');
INSERT INTO `bdloja`.`TBL_ESTOQUE` (`ITEM`, `ID_INS`, `MARCA`, `QTD`, `VENDA`, `LOTE`, `CNPJ`, `GARANTIA`) VALUES (2, 2, 'Korg', 3, 1000, 'A0001', '64.021.800/0001-71', '2020-01-02 00:00:00');
INSERT INTO `bdloja`.`TBL_ESTOQUE` (`ITEM`, `ID_INS`, `MARCA`, `QTD`, `VENDA`, `LOTE`, `CNPJ`, `GARANTIA`) VALUES (3, 3, 'Yamaha', 5, 8000, 'A0001', '64.021.800/0001-71', '2020-01-02 00:00:00');
INSERT INTO `bdloja`.`TBL_ESTOQUE` (`ITEM`, `ID_INS`, `MARCA`, `QTD`, `VENDA`, `LOTE`, `CNPJ`, `GARANTIA`) VALUES (4, 4, 'Yamaha', 12, 3000, 'A0001', '64.021.800/0001-71', '2020-05-12 00:00:00');
INSERT INTO `bdloja`.`TBL_ESTOQUE` (`ITEM`, `ID_INS`, `MARCA`, `QTD`, `VENDA`, `LOTE`, `CNPJ`, `GARANTIA`) VALUES (5, 5, 'Yamaha', 4, 600, 'A0001', '64.021.800/0001-71', '2020-01-02 00:00:00');
INSERT INTO `bdloja`.`TBL_ESTOQUE` (`ITEM`, `ID_INS`, `MARCA`, `QTD`, `VENDA`, `LOTE`, `CNPJ`, `GARANTIA`) VALUES (6, 6, 'Kurzweil', 5, 1000, 'A0001', '64.021.800/0001-71', '2020-08-02 00:00:00');
INSERT INTO `bdloja`.`TBL_ESTOQUE` (`ITEM`, `ID_INS`, `MARCA`, `QTD`, `VENDA`, `LOTE`, `CNPJ`, `GARANTIA`) VALUES (7, 7, 'Sabian', 7, 5000, 'A0001', '64.021.800/0001-71', '2020-01-02 00:00:00');
INSERT INTO `bdloja`.`TBL_ESTOQUE` (`ITEM`, `ID_INS`, `MARCA`, `QTD`, `VENDA`, `LOTE`, `CNPJ`, `GARANTIA`) VALUES (8, 8, 'Eagle', 9, 1000, 'A0001', '64.021.800/0001-71', '2020-06-02 00:00:00');
INSERT INTO `bdloja`.`TBL_ESTOQUE` (`ITEM`, `ID_INS`, `MARCA`, `QTD`, `VENDA`, `LOTE`, `CNPJ`, `GARANTIA`) VALUES (9, 9, 'Michael', 10, 4700, 'A0001', '64.021.800/0001-71', '2020-07-02 00:00:00');
INSERT INTO `bdloja`.`TBL_ESTOQUE` (`ITEM`, `ID_INS`, `MARCA`, `QTD`, `VENDA`, `LOTE`, `CNPJ`, `GARANTIA`) VALUES (10, 10, 'Michael', 11, 10000, 'A0001', '64.021.800/0001-71', '2020-09-02 00:00:00');
INSERT INTO `bdloja`.`TBL_ESTOQUE` (`ITEM`, `ID_INS`, `MARCA`, `QTD`, `VENDA`, `LOTE`, `CNPJ`, `GARANTIA`) VALUES (11, 11, 'Eagle', 15, 5000, 'A0001', '64.021.800/0001-71', '2021-01-02 00:00:00');
INSERT INTO `bdloja`.`TBL_ESTOQUE` (`ITEM`, `ID_INS`, `MARCA`, `QTD`, `VENDA`, `LOTE`, `CNPJ`, `GARANTIA`) VALUES (12, 12, 'Nux', 20, 9000, 'A0001', '58.277.053/0001-34', '2020-01-02 00:00:00');
INSERT INTO `bdloja`.`TBL_ESTOQUE` (`ITEM`, `ID_INS`, `MARCA`, `QTD`, `VENDA`, `LOTE`, `CNPJ`, `GARANTIA`) VALUES (13, 13, 'Shalter', 13, 500, 'A0001', '58.277.053/0001-34', '2020-01-02 00:00:00');
INSERT INTO `bdloja`.`TBL_ESTOQUE` (`ITEM`, `ID_INS`, `MARCA`, `QTD`, `VENDA`, `LOTE`, `CNPJ`, `GARANTIA`) VALUES (14, 14, 'Casio', 12, 1000, 'A0001', '58.277.053/0001-34', '2020-02-03 00:00:00');
INSERT INTO `bdloja`.`TBL_ESTOQUE` (`ITEM`, `ID_INS`, `MARCA`, `QTD`, `VENDA`, `LOTE`, `CNPJ`, `GARANTIA`) VALUES (15, 15, 'Gianini', 15, 800, 'A0001', '58.277.053/0001-34', '2020-12-22 00:00:00');
INSERT INTO `bdloja`.`TBL_ESTOQUE` (`ITEM`, `ID_INS`, `MARCA`, `QTD`, `VENDA`, `LOTE`, `CNPJ`, `GARANTIA`) VALUES (16, 16, 'Yamaha', 17, 1000, 'A0001', '58.277.053/0001-34', '2020-04-05 00:00:00');
INSERT INTO `bdloja`.`TBL_ESTOQUE` (`ITEM`, `ID_INS`, `MARCA`, `QTD`, `VENDA`, `LOTE`, `CNPJ`, `GARANTIA`) VALUES (17, 17, 'Eagle', 20, 5000, 'A0001', '58.277.053/0001-34', '2020-01-02 00:00:00');
INSERT INTO `bdloja`.`TBL_ESTOQUE` (`ITEM`, `ID_INS`, `MARCA`, `QTD`, `VENDA`, `LOTE`, `CNPJ`, `GARANTIA`) VALUES (18, 18, 'Yanasagawa', 21, 4500, 'A0001', '58.277.053/0001-34', '2020-10-02 00:00:00');
INSERT INTO `bdloja`.`TBL_ESTOQUE` (`ITEM`, `ID_INS`, `MARCA`, `QTD`, `VENDA`, `LOTE`, `CNPJ`, `GARANTIA`) VALUES (19, 19, 'Gianini', 33, 7000, 'A0001', '58.277.053/0001-34', '2020-02-02 00:00:00');

COMMIT;


-- -----------------------------------------------------
-- Data for table `bdloja`.`TBL_PEDIDO`
-- -----------------------------------------------------
START TRANSACTION;
USE `bdloja`;
INSERT INTO `bdloja`.`TBL_PEDIDO` (`ID_PEDIDO`, `DATA`, `CPF`, `VALOR`) VALUES (1, '2019-01-03 00:00:00', '932.055.535.43\n', 5000);
INSERT INTO `bdloja`.`TBL_PEDIDO` (`ID_PEDIDO`, `DATA`, `CPF`, `VALOR`) VALUES (2, '2019-01-08 00:00:00', '932.055.535.43\n', 1000);
INSERT INTO `bdloja`.`TBL_PEDIDO` (`ID_PEDIDO`, `DATA`, `CPF`, `VALOR`) VALUES (3, '2019-01-10 00:00:00', '932.055.535.43\n', 8000);
INSERT INTO `bdloja`.`TBL_PEDIDO` (`ID_PEDIDO`, `DATA`, `CPF`, `VALOR`) VALUES (4, '2019-01-12 00:00:00', '995.822.918.85\n', 3000);
INSERT INTO `bdloja`.`TBL_PEDIDO` (`ID_PEDIDO`, `DATA`, `CPF`, `VALOR`) VALUES (5, '2019-01-14 00:00:00', '878.237.908.40\n', 600);
INSERT INTO `bdloja`.`TBL_PEDIDO` (`ID_PEDIDO`, `DATA`, `CPF`, `VALOR`) VALUES (6, '2019-01-16 00:00:00', '296.658.808.02\n', 1000);
INSERT INTO `bdloja`.`TBL_PEDIDO` (`ID_PEDIDO`, `DATA`, `CPF`, `VALOR`) VALUES (7, '2019-01-18 00:00:00', '290.561.218.55\n', 5000);
INSERT INTO `bdloja`.`TBL_PEDIDO` (`ID_PEDIDO`, `DATA`, `CPF`, `VALOR`) VALUES (8, '2019-01-20 00:00:00', '882.411.358-31\n', 1000);
INSERT INTO `bdloja`.`TBL_PEDIDO` (`ID_PEDIDO`, `DATA`, `CPF`, `VALOR`) VALUES (9, '2019-01-22 00:00:00', '535.613.186-06\n', 9400);
INSERT INTO `bdloja`.`TBL_PEDIDO` (`ID_PEDIDO`, `DATA`, `CPF`, `VALOR`) VALUES (10, '2019-01-24 00:00:00', '375.829.308-19\n', 20000);
INSERT INTO `bdloja`.`TBL_PEDIDO` (`ID_PEDIDO`, `DATA`, `CPF`, `VALOR`) VALUES (11, '2019-01-26 00:00:00', '174.384.648-73\n', 25000);
INSERT INTO `bdloja`.`TBL_PEDIDO` (`ID_PEDIDO`, `DATA`, `CPF`, `VALOR`) VALUES (12, '2019-01-28 00:00:00', '174.384.648-73\n', 18000);
INSERT INTO `bdloja`.`TBL_PEDIDO` (`ID_PEDIDO`, `DATA`, `CPF`, `VALOR`) VALUES (13, '2019-01-30 00:00:00', '174.384.648-73\n', 1500);
INSERT INTO `bdloja`.`TBL_PEDIDO` (`ID_PEDIDO`, `DATA`, `CPF`, `VALOR`) VALUES (14, '2019-02-01 00:00:00', '174.384.648-73\n', 7000);
INSERT INTO `bdloja`.`TBL_PEDIDO` (`ID_PEDIDO`, `DATA`, `CPF`, `VALOR`) VALUES (15, '2019-02-03 00:00:00', '734.680.096-66\n', 4000);
INSERT INTO `bdloja`.`TBL_PEDIDO` (`ID_PEDIDO`, `DATA`, `CPF`, `VALOR`) VALUES (16, '2019-02-05 00:00:00', '734.680.096-66\n', 7000);
INSERT INTO `bdloja`.`TBL_PEDIDO` (`ID_PEDIDO`, `DATA`, `CPF`, `VALOR`) VALUES (17, '2019-02-07 00:00:00', '734.680.096-66\n', 10000);
INSERT INTO `bdloja`.`TBL_PEDIDO` (`ID_PEDIDO`, `DATA`, `CPF`, `VALOR`) VALUES (18, '2019-02-09 00:00:00', '290.561.218.55\n', 4500);
INSERT INTO `bdloja`.`TBL_PEDIDO` (`ID_PEDIDO`, `DATA`, `CPF`, `VALOR`) VALUES (19, '2019-02-11 00:00:00', '290.561.218.55\n', 7000);

COMMIT;


-- -----------------------------------------------------
-- Data for table `bdloja`.`TBL_ITENS_PEDIDO`
-- -----------------------------------------------------
START TRANSACTION;
USE `bdloja`;
INSERT INTO `bdloja`.`TBL_ITENS_PEDIDO` (`ITEM`, `ID_PEDIDO`, `QTD`, `VALOR`) VALUES (1, 1, 2, 2500);
INSERT INTO `bdloja`.`TBL_ITENS_PEDIDO` (`ITEM`, `ID_PEDIDO`, `QTD`, `VALOR`) VALUES (2, 2, 1, 1000);
INSERT INTO `bdloja`.`TBL_ITENS_PEDIDO` (`ITEM`, `ID_PEDIDO`, `QTD`, `VALOR`) VALUES (3, 3, 1, 8000);
INSERT INTO `bdloja`.`TBL_ITENS_PEDIDO` (`ITEM`, `ID_PEDIDO`, `QTD`, `VALOR`) VALUES (4, 4, 1, 3000);
INSERT INTO `bdloja`.`TBL_ITENS_PEDIDO` (`ITEM`, `ID_PEDIDO`, `QTD`, `VALOR`) VALUES (5, 5, 1, 600);
INSERT INTO `bdloja`.`TBL_ITENS_PEDIDO` (`ITEM`, `ID_PEDIDO`, `QTD`, `VALOR`) VALUES (6, 6, 1, 1000);
INSERT INTO `bdloja`.`TBL_ITENS_PEDIDO` (`ITEM`, `ID_PEDIDO`, `QTD`, `VALOR`) VALUES (7, 7, 1, 5000);
INSERT INTO `bdloja`.`TBL_ITENS_PEDIDO` (`ITEM`, `ID_PEDIDO`, `QTD`, `VALOR`) VALUES (8, 8, 1, 1000);
INSERT INTO `bdloja`.`TBL_ITENS_PEDIDO` (`ITEM`, `ID_PEDIDO`, `QTD`, `VALOR`) VALUES (9, 9, 2, 4700);
INSERT INTO `bdloja`.`TBL_ITENS_PEDIDO` (`ITEM`, `ID_PEDIDO`, `QTD`, `VALOR`) VALUES (10, 10, 2, 10000);
INSERT INTO `bdloja`.`TBL_ITENS_PEDIDO` (`ITEM`, `ID_PEDIDO`, `QTD`, `VALOR`) VALUES (11, 11, 5, 5000);
INSERT INTO `bdloja`.`TBL_ITENS_PEDIDO` (`ITEM`, `ID_PEDIDO`, `QTD`, `VALOR`) VALUES (12, 12, 2, 9000);
INSERT INTO `bdloja`.`TBL_ITENS_PEDIDO` (`ITEM`, `ID_PEDIDO`, `QTD`, `VALOR`) VALUES (13, 13, 3, 500);
INSERT INTO `bdloja`.`TBL_ITENS_PEDIDO` (`ITEM`, `ID_PEDIDO`, `QTD`, `VALOR`) VALUES (14, 14, 7, 1000);
INSERT INTO `bdloja`.`TBL_ITENS_PEDIDO` (`ITEM`, `ID_PEDIDO`, `QTD`, `VALOR`) VALUES (15, 15, 5, 800);
INSERT INTO `bdloja`.`TBL_ITENS_PEDIDO` (`ITEM`, `ID_PEDIDO`, `QTD`, `VALOR`) VALUES (16, 16, 7, 1000);
INSERT INTO `bdloja`.`TBL_ITENS_PEDIDO` (`ITEM`, `ID_PEDIDO`, `QTD`, `VALOR`) VALUES (17, 17, 2, 5000);
INSERT INTO `bdloja`.`TBL_ITENS_PEDIDO` (`ITEM`, `ID_PEDIDO`, `QTD`, `VALOR`) VALUES (18, 18, 1, 4500);
INSERT INTO `bdloja`.`TBL_ITENS_PEDIDO` (`ITEM`, `ID_PEDIDO`, `QTD`, `VALOR`) VALUES (19, 19, 1, 7000);

COMMIT;


-- -----------------------------------------------------
-- Data for table `bdloja`.`TBL_LOGIN`
-- -----------------------------------------------------
START TRANSACTION;
USE `bdloja`;
INSERT INTO `bdloja`.`TBL_LOGIN` (`ID_US`, `TIPO_US`, `NOME_US`, `SENHA_US`) VALUES (1, 'adm', 'Wesley', 'adm');

COMMIT;

